{
  "Tags": {
    "tag": [
      {
        "id": "1",
        "name": "java"
      },
      {
        "id": "2",
        "name": "multi-threading"
      },
      {
        "id": "3",
        "name": "android"
      },
      {
        "id": "4",
        "name": "spring"
      },
      {
        "id": "5",
        "name": "hibernate"
      },
      {
        "id": "6",
        "name": "error handling"
      },
      {
        "id": "7",
        "name": "collections"
      },
      {
        "id": "8",
        "name": "junit"
      }
    ]
  }
}